{
  "test": {
    "auroc": 0.8556338028169015,
    "auprc": 0.4266134736722972
  },
  "test_case_level": {
    "max": {
      "auroc": 0.8441558441558441,
      "auprc": 0.44149943287874327
    },
    "mean": {
      "auroc": 0.8628246753246752,
      "auprc": 0.5320107964772807
    },
    "noisy_or": {
      "auroc": 0.8336038961038961,
      "auprc": 0.38780783827805776
    }
  },
  "temperature": 1.2356879540456036
}