{
  "test": {
    "auroc": 0.8427230046948356,
    "auprc": 0.3627721964356797
  },
  "test_case_level": {
    "max": {
      "auroc": 0.8392857142857142,
      "auprc": 0.38658070447305426
    },
    "mean": {
      "auroc": 0.8498376623376623,
      "auprc": 0.508605982361764
    },
    "noisy_or": {
      "auroc": 0.8262987012987013,
      "auprc": 0.30876562120684375
    }
  },
  "temperature": 3.267342299603376
}