{
  "test": {
    "auroc": 0.8474178403755869,
    "auprc": 0.44365802796917947
  },
  "test_case_level": {
    "max": {
      "auroc": 0.8319805194805194,
      "auprc": 0.4534643386916114
    },
    "mean": {
      "auroc": 0.8514610389610389,
      "auprc": 0.5135397497239602
    },
    "noisy_or": {
      "auroc": 0.8189935064935066,
      "auprc": 0.39692289303718753
    }
  },
  "temperature": 2.1075534856827356
}