{
  "test": {
    "auroc": 0.8532863849765259,
    "auprc": 0.4533531123161691
  },
  "test_case_level": {
    "max": {
      "auroc": 0.8392857142857142,
      "auprc": 0.46727157646275297
    },
    "mean": {
      "auroc": 0.8612012987012987,
      "auprc": 0.527354299126891
    },
    "noisy_or": {
      "auroc": 0.8303571428571429,
      "auprc": 0.35102257867217307
    }
  },
  "temperature": 1.0786964031400397
}