{
  "test": {
    "auroc": 0.8585680751173709,
    "auprc": 0.3359280382944194
  },
  "test_case_level": {
    "max": {
      "auroc": 0.8482142857142857,
      "auprc": 0.351567624294897
    },
    "mean": {
      "auroc": 0.8758116883116883,
      "auprc": 0.5217561354584436
    },
    "noisy_or": {
      "auroc": 0.8400974025974026,
      "auprc": 0.326878547027294
    }
  },
  "temperature": 1.9415038188021834
}