{
  "test": {
    "auroc": 0.8873239436619718,
    "auprc": 0.48787874224317623
  },
  "test_case_level": {
    "max": {
      "auroc": 0.8831168831168832,
      "auprc": 0.5188188153607277
    },
    "mean": {
      "auroc": 0.8920454545454545,
      "auprc": 0.5789245266517994
    },
    "noisy_or": {
      "auroc": 0.872564935064935,
      "auprc": 0.4349159383558593
    }
  },
  "temperature": 2.594754965504024
}