{
  "test": {
    "auroc": 0.823943661971831,
    "auprc": 0.5267988121739996
  },
  "test_case_level": {
    "max": {
      "auroc": 0.8157467532467533,
      "auprc": 0.5475169816633231
    },
    "mean": {
      "auroc": 0.825487012987013,
      "auprc": 0.611593204775023
    },
    "noisy_or": {
      "auroc": 0.8027597402597403,
      "auprc": 0.4847851475124202
    }
  },
  "temperature": 3.0526644022260765
}