{
  "test": {
    "auroc": 0.8515258215962441,
    "auprc": 0.3285210178988931
  },
  "test_case_level": {
    "max": {
      "auroc": 0.8498376623376624,
      "auprc": 0.3654985716975585
    },
    "mean": {
      "auroc": 0.8693181818181818,
      "auprc": 0.44615789496762415
    },
    "noisy_or": {
      "auroc": 0.8433441558441559,
      "auprc": 0.34509789452971273
    }
  },
  "temperature": 0.6296361836128925
}