{
  "test": {
    "auroc": 0.8902582159624413,
    "auprc": 0.451529385738153
  },
  "test_case_level": {
    "max": {
      "auroc": 0.8782467532467533,
      "auprc": 0.46078555751719275
    },
    "mean": {
      "auroc": 0.898538961038961,
      "auprc": 0.5905148438905123
    },
    "noisy_or": {
      "auroc": 0.8701298701298701,
      "auprc": 0.4101661763986315
    }
  },
  "temperature": 1.674294825904344
}