{
  "test": {
    "auroc": 0.8526995305164319,
    "auprc": 0.45758913391882255
  },
  "test_case_level": {
    "max": {
      "auroc": 0.8392857142857143,
      "auprc": 0.4717380202051189
    },
    "mean": {
      "auroc": 0.862012987012987,
      "auprc": 0.5306312108943688
    },
    "noisy_or": {
      "auroc": 0.8311688311688312,
      "auprc": 0.3557047564734731
    }
  },
  "temperature": 1.083216650146264
}