{
  "test": {
    "auroc": 0.8098591549295774,
    "auprc": 0.3559525365914111
  },
  "test_case_level": {
    "max": {
      "auroc": 0.8051948051948052,
      "auprc": 0.38348895113601
    },
    "mean": {
      "auroc": 0.8076298701298701,
      "auprc": 0.3261992636992637
    },
    "noisy_or": {
      "auroc": 0.7954545454545454,
      "auprc": 0.3003061716613644
    }
  },
  "temperature": 1.112535027565567
}