{
  "test": {
    "auroc": 0.8685446009389671,
    "auprc": 0.4571100971651767
  },
  "test_case_level": {
    "max": {
      "auroc": 0.8571428571428571,
      "auprc": 0.47363366638728965
    },
    "mean": {
      "auroc": 0.872564935064935,
      "auprc": 0.5343089990817264
    },
    "noisy_or": {
      "auroc": 0.8457792207792207,
      "auprc": 0.3539606998994103
    }
  },
  "temperature": 1.1713075505803021
}