{
  "test": {
    "auroc": 0.8732394366197183,
    "auprc": 0.3722802831793509
  },
  "test_case_level": {
    "max": {
      "auroc": 0.8741883116883116,
      "auprc": 0.42334814737193627
    },
    "mean": {
      "auroc": 0.885551948051948,
      "auprc": 0.4369594718719265
    },
    "noisy_or": {
      "auroc": 0.8676948051948052,
      "auprc": 0.3569042576712152
    }
  },
  "temperature": 2.7905656044916327
}