{
  "test": {
    "auroc": 0.8708920187793427,
    "auprc": 0.4265854941841784
  },
  "test_case_level": {
    "max": {
      "auroc": 0.8717532467532467,
      "auprc": 0.4522358160129058
    },
    "mean": {
      "auroc": 0.8790584415584416,
      "auprc": 0.5056485181485182
    },
    "noisy_or": {
      "auroc": 0.8636363636363636,
      "auprc": 0.39655794938813804
    }
  },
  "temperature": 2.510589346249399
}