{
  "test": {
    "auroc": 0.8667840375586854,
    "auprc": 0.4692115689354202
  },
  "test_case_level": {
    "max": {
      "auroc": 0.8522727272727273,
      "auprc": 0.48529805738486254
    },
    "mean": {
      "auroc": 0.8701298701298702,
      "auprc": 0.5220462684577517
    },
    "noisy_or": {
      "auroc": 0.8392857142857143,
      "auprc": 0.37855434039644564
    }
  },
  "temperature": 2.0596935338020392
}