{
  "test": {
    "auroc": 0.8656103286384976,
    "auprc": 0.4214451423333002
  },
  "test_case_level": {
    "max": {
      "auroc": 0.8538961038961039,
      "auprc": 0.43630934208575123
    },
    "mean": {
      "auroc": 0.872564935064935,
      "auprc": 0.5303879728505735
    },
    "noisy_or": {
      "auroc": 0.8425324675324675,
      "auprc": 0.34589605720558103
    }
  },
  "temperature": 1.1673246852772103
}