{
  "test": {
    "auroc": 0.8767605633802816,
    "auprc": 0.3599112160687424
  },
  "test_case_level": {
    "max": {
      "auroc": 0.875,
      "auprc": 0.3902715257103466
    },
    "mean": {
      "auroc": 0.885551948051948,
      "auprc": 0.42511603575676804
    },
    "noisy_or": {
      "auroc": 0.8612012987012988,
      "auprc": 0.3323930585907604
    }
  },
  "temperature": 2.337796339381944
}