{
  "test": {
    "auroc": 0.8978873239436619,
    "auprc": 0.5784740006682731
  },
  "test_case_level": {
    "max": {
      "auroc": 0.8936688311688311,
      "auprc": 0.6078692954810879
    },
    "mean": {
      "auroc": 0.9066558441558441,
      "auprc": 0.6469205937225959
    },
    "noisy_or": {
      "auroc": 0.8701298701298702,
      "auprc": 0.4699076066248742
    }
  },
  "temperature": 3.397588338391157
}