{
  "test": {
    "auroc": 0.8192488262910798,
    "auprc": 0.3249403087272282
  },
  "test_case_level": {
    "max": {
      "auroc": 0.8141233766233766,
      "auprc": 0.3520265910160982
    },
    "mean": {
      "auroc": 0.8214285714285714,
      "auprc": 0.45158898107013656
    },
    "noisy_or": {
      "auroc": 0.799512987012987,
      "auprc": 0.26464155230822495
    }
  },
  "temperature": 2.7401529097601194
}