{
  "test": {
    "auroc": 0.8615023474178405,
    "auprc": 0.46537123303427647
  },
  "test_case_level": {
    "max": {
      "auroc": 0.8522727272727272,
      "auprc": 0.48451720065832615
    },
    "mean": {
      "auroc": 0.8701298701298701,
      "auprc": 0.5271617685231293
    },
    "noisy_or": {
      "auroc": 0.8417207792207791,
      "auprc": 0.36080209137820135
    }
  },
  "temperature": 0.8897666920162915
}