{
  "test": {
    "auroc": 0.846244131455399,
    "auprc": 0.3312496677009791
  },
  "test_case_level": {
    "max": {
      "auroc": 0.8400974025974026,
      "auprc": 0.35719345254228974
    },
    "mean": {
      "auroc": 0.8595779220779222,
      "auprc": 0.49614256753294195
    },
    "noisy_or": {
      "auroc": 0.827922077922078,
      "auprc": 0.3229553410359829
    }
  },
  "temperature": 1.5074575410689814
}