{
  "test": {
    "auroc": 0.7353286384976526,
    "auprc": 0.2692698985660151
  },
  "test_case_level": {
    "max": {
      "auroc": 0.7053571428571428,
      "auprc": 0.28707315086723845
    },
    "mean": {
      "auroc": 0.7232142857142857,
      "auprc": 0.38158914514047226
    },
    "noisy_or": {
      "auroc": 0.6769480519480519,
      "auprc": 0.24681258694413472
    }
  },
  "temperature": 0.9324553273263464
}