{
  "test": {
    "auroc": 0.852112676056338,
    "auprc": 0.4080029212639296
  },
  "test_case_level": {
    "max": {
      "auroc": 0.8449675324675324,
      "auprc": 0.4349204355836248
    },
    "mean": {
      "auroc": 0.8660714285714286,
      "auprc": 0.5285218955766083
    },
    "noisy_or": {
      "auroc": 0.8319805194805194,
      "auprc": 0.3421159648432376
    }
  },
  "temperature": 2.262839464882866
}