{
  "test": {
    "auroc": 0.8738262910798122,
    "auprc": 0.5479496047779077
  },
  "test_case_level": {
    "max": {
      "auroc": 0.8587662337662336,
      "auprc": 0.5507350053004508
    },
    "mean": {
      "auroc": 0.8741883116883117,
      "auprc": 0.6814979198119795
    },
    "noisy_or": {
      "auroc": 0.8287337662337663,
      "auprc": 0.4907521528498221
    }
  },
  "temperature": 1.2249462994443754
}