{
  "test": {
    "auroc": 0.8597417840375587,
    "auprc": 0.46687987937987935
  },
  "test_case_level": {
    "max": {
      "auroc": 0.8522727272727272,
      "auprc": 0.4926594482754654
    },
    "mean": {
      "auroc": 0.8709415584415584,
      "auprc": 0.5308108074096446
    },
    "noisy_or": {
      "auroc": 0.8409090909090908,
      "auprc": 0.396243013434896
    }
  },
  "temperature": 1.5273948136106719
}