{
  "test": {
    "auroc": 0.8644366197183099,
    "auprc": 0.4094786687201306
  },
  "test_case_level": {
    "max": {
      "auroc": 0.849025974025974,
      "auprc": 0.41832854234040007
    },
    "mean": {
      "auroc": 0.8652597402597403,
      "auprc": 0.521911911617794
    },
    "noisy_or": {
      "auroc": 0.8368506493506493,
      "auprc": 0.3813551679580388
    }
  },
  "temperature": 1.7427399446555225
}