{
  "test": {
    "auroc": 0.8644366197183098,
    "auprc": 0.47462698739920023
  },
  "test_case_level": {
    "max": {
      "auroc": 0.8465909090909091,
      "auprc": 0.47492071143523784
    },
    "mean": {
      "auroc": 0.8685064935064934,
      "auprc": 0.5478454952372821
    },
    "noisy_or": {
      "auroc": 0.836038961038961,
      "auprc": 0.3948243547764573
    }
  },
  "temperature": 1.4004152903640255
}