{
  "test": {
    "auroc": 0.8826291079812206,
    "auprc": 0.4831491019346807
  },
  "test_case_level": {
    "max": {
      "auroc": 0.8766233766233766,
      "auprc": 0.49844389643151255
    },
    "mean": {
      "auroc": 0.8887987012987013,
      "auprc": 0.5207263330457892
    },
    "noisy_or": {
      "auroc": 0.875,
      "auprc": 0.44803067329101665
    }
  },
  "temperature": 1.0553520849906526
}