{
  "test": {
    "auroc": 0.893192488262911,
    "auprc": 0.4614445414884011
  },
  "test_case_level": {
    "max": {
      "auroc": 0.8823051948051948,
      "auprc": 0.4727075954348682
    },
    "mean": {
      "auroc": 0.8961038961038961,
      "auprc": 0.5592940679887405
    },
    "noisy_or": {
      "auroc": 0.8766233766233765,
      "auprc": 0.4249096983962805
    }
  },
  "temperature": 2.0237885535857663
}