{
  "test": {
    "auroc": 0.8362676056338029,
    "auprc": 0.2601345173672815
  },
  "test_case_level": {
    "max": {
      "auroc": 0.8238636363636364,
      "auprc": 0.2760907126281258
    },
    "mean": {
      "auroc": 0.8392857142857143,
      "auprc": 0.3131021669841545
    },
    "noisy_or": {
      "auroc": 0.8165584415584415,
      "auprc": 0.26712089110743586
    }
  },
  "temperature": 3.436995280363062
}