{
  "test": {
    "auroc": 0.8562206572769953,
    "auprc": 0.4478944121810959
  },
  "test_case_level": {
    "max": {
      "auroc": 0.851461038961039,
      "auprc": 0.48104289327693583
    },
    "mean": {
      "auroc": 0.859577922077922,
      "auprc": 0.5052405235689693
    },
    "noisy_or": {
      "auroc": 0.8409090909090908,
      "auprc": 0.34661929688245474
    }
  },
  "temperature": 1.2733821948433341
}