{
  "test": {
    "auroc": 0.8749999999999999,
    "auprc": 0.3294978505541171
  },
  "test_case_level": {
    "max": {
      "auroc": 0.8636363636363638,
      "auprc": 0.33954886023067843
    },
    "mean": {
      "auroc": 0.8806818181818182,
      "auprc": 0.42048033272764807
    },
    "noisy_or": {
      "auroc": 0.8571428571428571,
      "auprc": 0.33832093832093835
    }
  },
  "temperature": 1.3551676599162514
}