{
  "test": {
    "auroc": 0.8603286384976525,
    "auprc": 0.45923559691942045
  },
  "test_case_level": {
    "max": {
      "auroc": 0.8506493506493507,
      "auprc": 0.4839471439084593
    },
    "mean": {
      "auroc": 0.8685064935064934,
      "auprc": 0.5247980959921544
    },
    "noisy_or": {
      "auroc": 0.838474025974026,
      "auprc": 0.3786543635282595
    }
  },
  "temperature": 1.4480863450084984
}